{"method": "scanorama", "scores": {"silhouette": 0.00041025984683074057, "calinski_harabasz": 1.2381119610943108, "davies_bouldin": 60.92350580502666, "kbet": 0.0015829145728643024}, "params": {"pca_dim": 3}}